镜号,集数,集名,全片入点秒,全片出点秒,本集入点秒,成片秒数,建议生成秒数,场景ID,景别与机位,画面与动作,对白与声音字幕,音效与音乐,界面与选择,生成拆法与剪辑,连续性锁定
01-01,1,风里有人,0,5,0,5,5,L03,特写／固定,许婉如的左腕束带和手机同框；手机屏幕播放一张古代供词的局部。,许婉如：这回，你们也要剪掉我的话？,细沙刮木声；一句近耳人声。,冷开场，无界面。,以声音先进入；倒叙碎片，在第六集兑现。,左腕束带是固定识别物；手机屏内容后期制作。
01-02,1,风里有人,5,12,5,7,10,L01,车内中景／轻摇,林澈坐副驾驶举稳定器；沈宁开车，后排周野检查相机，唐晓戴耳机。,林澈：西北最后一站。拍完，咱们吃顿好的。,发动机、车内衣料声；音乐只有轻微低音。,手机小窗显示 LIVE 17:42，两个普通弹幕。,硬切回现代；四人用两张座位匹配镜头合成。,座位：沈宁驾驶，林澈副驾，周野后左，唐晓后右；不得换位。
01-03,1,风里有人,12,20,12,8,10,L01,车窗外远景／固定,风沙遮住道路，车停在低沙墙前，远处出现村门油灯。,沈宁：导航没这条路。先找地方避风。,风声压过发动机，停车熄火。,任务 01 寻找避风处；无数值。,镜头内只表现车停下；车内对白用画外音。,车牌不生成可读文字；同一辆白色越野车。
01-04,1,风里有人,20,28,20,8,10,L01,第三人称过肩／慢跟,沈宁走向半埋石碑，林澈在前方照向村口；石碑后露出照水村三字。,周野：这村名，我在旧地图上见过。,鞋踩沙声，远处单次木门响。,交互 查看石碑；获得线索 E01 村名。,先跟行，再切石碑插入镜头；主镜头为一个步行动作。,碑文单独贴图，不交给视频模型生字。
01-05,1,风里有人,28,36,28,8,10,L02,唐晓近景／固定,唐晓侧身监听，摘下一边耳机；井内传来和她同音色的倒数。,井内声音：三、二……／唐晓：谁在下面？,倒数从井内低通混响传出；音乐消失。,直播 HUD 变为 REC 离线缓存。,现代收音设备贴近耳朵；怪声保持画外。,脸上只有紧张，没有突然变脸或大幅转头。
01-06,1,风里有人,36,44,36,8,10,L02,脚部特写／俯拍,井边旧木板塌下一角；唐晓脚滑出画，收音杆落在井沿。,唐晓：拉我！,木板裂、金属碰石；不使用坠落尖叫长尾。,救援目标 唐晓；不显示血量。,脚滑、反应、井口手部可拆三个短段后剪；不生成完整人体坠落。,井绳尚未使用；井口东侧坍塌位置此后保持。
01-07,1,风里有人,44,52,44,8,10,L02,林澈过肩／固定,林澈右手稳定器仍在拍摄，左前方是唐晓抓井沿的手；两者争夺注意。,周野：先放下手机！,急促呼吸；低频脉冲两下。,Q01 A 放下直播救唐晓／B 稳住镜头喊周野；演示选 A。,选择窗口占末四秒，主画面慢下来；只播 A 主线。,B 是把救援委托周野，不是凭空立即杀死唐晓。
01-08,1,风里有人,52,60,52,8,10,L02,手部中近景／轻推,林澈将稳定器丢到地上，双手拉唐晓；落地手机里出现灰衣老人的一句弹幕。,手机弹幕：又来四个证人。／林澈：抓紧，别松！,喘息与沙响；末秒一声审判木板落案。,关系 唐晓对林澈的信任增加；离线弹幕属异常。,救援用两人手部构图；末秒黑切到集名。,Q01 代价：手机镜头损坏，入村原片丢失；不影响另一台摄影机。
02-01,2,阁楼不收客,60,65,0,5,5,L02,手机特写／固定,破裂屏幕在无人触碰时重播弹幕，又显示一段陌生的妇人叹息波形。,唐晓：断网了……这是谁发的？,手机静电与井水滴声。,异常标记 缓存出现新内容。,承接手机落地的右侧裂纹。,波形与文字后期叠；屏裂不改变。
02-02,2,阁楼不收客,65,72,5,7,10,L03,双人中景／缓推,四人入许宅院；一位背向镜头的老人指向阁楼，然后离开画面。,老人：楼下可歇。楼上，今夜不收客。,布鞋声；楼上轻敲三下。,任务 02 查明敲击声。,老人仅背影和声音，减少新角色资产。,沈宁在左，林澈在右；周野与唐晓留在门廊，不强行四人同框。
02-03,2,阁楼不收客,72,80,12,8,10,L03,镜面特写／固定,沈宁移开镜面遮布，镜中闪过她穿旧衣站在审判木案旁的影像。,沈宁：周野，你拍到了吗？,遮布摩擦；远处有人叫 证人上前。,线索 E02 镜中证人。,现代沈宁与古装影像分开生成，再做镜面合成。,不能让真实身体自动换装；只是镜中影像。
02-04,2,阁楼不收客,80,88,20,8,10,L03,楼梯过肩／慢上移,沈宁沿南侧楼梯上行，到平台停住；灯下女子站在格窗旁。,许婉如：他们说我毒了井。,楼梯吱响，油灯细响。,探索 HUD 降低亮度。,先给背影，下一镜才看清脸。,沈宁手电右手；女子左腕束带；楼梯与窗位置不反转。
02-05,2,阁楼不收客,88,96,28,8,10,L03,女子半身／固定,许婉如面对沈宁，露出束带，侧目看向院中；不向镜头扑来。,许婉如：你听过我的话，还是只听过他们的话？,语气平静；窗外风由大变小。,字幕两次切分，各不超过两行。,一人一个说话镜头，视线向画左沈宁。,明代袄裙与素发髻；没有红嫁衣或清代旗头。
02-06,2,阁楼不收客,96,104,36,8,10,L03,旧册插入特写／轻推,周野从阁楼木案下取出审判簿；朱笔日期与现代镜头上的日期重合。,周野：万历十四年。四百多年了。,纸页、镜头机械声。,获得 E03 审判簿 明万历十四年 1586年。,台词只交代年代；具体年份在后期册页贴图。,虚构照水村；1586 年到现代 2026 年为 440 年。
02-07,2,阁楼不收客,104,112,44,8,10,L05,远景／固定,原本空无一人的广场，镜头切回时出现等待审判的背影；许婉如被带向立柱。,里正画外：人已到齐，照旧开审。,脚步由远及近；三记木案敲击。,任务更新 阻止审判重演。,空场与人群两张锁机位画面硬切；不是模型一镜变出人群。,群众只作背影和轮廓，不需要二十张固定角色脸。
02-08,2,阁楼不收客,112,120,52,8,10,L05,榜文特写／固定,木案上摊开四名证人名单；四个现代名字依次露出。,唐晓：为什么……有我们的名字？,脉冲停止；只留沙擦纸声。,四人名单依次后期显字；集尾悬念。,名单就是证人姓名，不是死亡名单。,名单在规则里由进入村庄者补位形成，不要求血缘或转世。
03-01,3,谁先说了谎,120,125,0,5,5,L05,林澈半身／固定,里正将木签推到林澈面前，木签上刻着已闻井毒四字。,里正：你们看见她近井，是不是？,木签擦桌。,交互 证词尚未确认。,开集立即进入逼迫，不重复历史说明。,木签文字用贴图。
03-02,3,谁先说了谎,125,132,5,7,10,L05,沈宁近景／固定,沈宁拦住林澈的手，指向屋内旧册。,沈宁：走过井边，不等于投毒。,现场人群低声议论。,线索疑点 目击不等于因果。,一个手部阻拦动作，避免争抢多物件。,沈宁右手此时收起手电，挂在背包右侧。
03-03,3,谁先说了谎,132,140,12,8,10,L03,相机回放特写／固定,周野播放入村前素材；出现林澈录制一条冒充观众的找村来信。,回放林澈：有人留言，说这里晚上有女人哭。,现场回放音色保持手机窄频。,资料 V01 入村前原片；可回放。,画面手机内容用单独录制的林澈短镜头合成。,Q01 损坏的是手机；摄影机有这份车内独立素材。
03-04,3,谁先说了谎,140,148,20,8,10,L03,唐晓近景／缓推,唐晓看向林澈，耳机垂在颈边；她手腕仍有刚被拉伤的红痕。,唐晓：我们是信你，才跟你来的。,一拍沉默，远处木案又响。,唐晓的关系反馈按 Q01 状态切换。,不配愤怒长旁白，让表情承担反应。,红痕是轻微擦痕，无流血；此后保持。
03-05,3,谁先说了谎,148,156,28,8,10,L03,林澈近景／固定,林澈背后油灯晃动；他尝试遮住回放屏幕，又把手放下。,林澈：来信是我编的。村子……我真不知道。,吞咽与风声。,Q02 A 播出完整原片／B 删掉来信片段；演示选 A。,选择在后四秒出现，表情镜头不突然换脸。,两选都可继续剧情；B 保住颜面但失去一份可信证词。
03-06,3,谁先说了谎,156,164,36,8,10,L03,屏幕插入／固定,周野选择保留并回放全部素材；古代一份供词覆盖在画面边缘，原来句尾被涂掉。,旧录音丫鬟：我见小姐近井，是去救……,磁噪；救字后音轨被截断。,发现 E04 被删掉的句尾；当前只听到救。,画面遮挡与断声在剪辑完成；不生成滚动古文。,此处不直接揭晓救谁，留待第五集唐晓完整复原。
03-07,3,谁先说了谎,164,172,44,8,10,L03,二人侧面中景／慢推,许婉如坐在窗边，向沈宁推来一根带黑泥的水渠木闸碎片。,许婉如：把话说完，比放我走更难。,木闸落案；远处闷响。,证据 E05 木闸碎片；任务 查水渠旧账。,只有推物件一个动作；证物特写独立补拍。,木闸不能变成刀或现代金属零件。
03-08,3,谁先说了谎,172,180,52,8,10,L02,井口俯拍／固定,周野俯身照井，耳机里听见自己的求救；画面切到井底出现他的衣角。,井内周野声音：别信我上来以后说的话。,同音色声音，回声与水滴；末秒黑。,任务目标冲突 保全证据与救援。,井底先只给衣角，不额外生成第二张周野正脸。,此时周野真身仍在井边，下一集才被拖下；声音来自即将发生的片段。
04-01,4,井底的人,180,185,0,5,5,L04,册页特写／固定,沈宁翻到木闸账页，画面中标出私改水渠与井水变浊的日期。,沈宁：水先坏了，她后来的。,纸声，急促脚步画外入。,E06 水渠账页；不是科学检测报告。,日期和标注后期做，展示先后顺序。,不用长医学解释；井水污染作为虚构案件事实。
04-02,4,井底的人,185,192,5,7,10,L02,井沿手部特写／固定,周野手腕被一只灰袖手拉离井沿；相机仍挂在肩上，镜头擦过石头。,周野：拉绳！,石擦、落水画外；不展示扭曲肢体。,QTE 按住 E 稳住井绳；仅作为画面演示。,手被拉、相机晃动、井绳三个镜头剪接；无整段坠落。,灰袖颜色与古代无名证人统一；不能误认许婉如蓝缘袖。
04-03,4,井底的人,192,200,12,8,10,L02,唐晓与林澈中景／固定,唐晓抓紧绳尾，林澈把绳绕在井旁木柱；两人稳定住重量。,唐晓：绳在往下滑！,麻绳摩擦，呼吸。,保持交互进度；不显示成功百分数。,两人分前后景，只生成绕柱一次动作。,井绳路线朝北柱子，后续方向保持。
04-04,4,井底的人,200,208,20,8,10,L04,沈宁手部近景／慢推,油灯倒在账页旁，火从册页一角烧起；沈宁拿到上半页，下半页未脱离。,沈宁：签名还在下面……,纸燃烧声，井边呼救画外。,E06 状态 未完整取证；救援任务闪烁。,火势独立生成合成；册页文字静止后期贴。,火非大爆炸；不能一秒烧光整间屋。
04-05,4,井底的人,208,216,28,8,10,L04,沈宁过肩／固定,账页与通向水井的门同时入画，沈宁站在两者之间。,林澈画外：沈宁，过来帮忙！,井绳拉紧声；一拍低频。,Q03 A 放下账页救周野／B 拍下签名再救；演示选 A。,选择四秒；镜头锁定，UI 后期叠。,B 需先有 Q01 委托救援形成的牢固绳结，才有安全余量；否则周野失踪。
04-06,4,井底的人,216,224,36,8,10,L02,三人手部与肩部中景／固定,沈宁到井边加入拉绳，周野湿手抓住井沿；他被拉到地面。,沈宁：周野，听我说，往上爬！,衣料湿声、喘息，井底回声停止。,主线结果 周野生还；E06 原始签名被烧。,抓井沿与地面喘息分镜合成；不要求模型连续抬出完整人体。,周野藏蓝夹克此后湿暗，左袖沾黑泥，右肩相机带仍在。
04-07,4,井底的人,224,232,44,8,10,L02,周野近景／缓推,周野躺在井边，目光看向沈宁；随后说出古代审判用语。,周野：小人亲见……许氏投毒。,喘息突然平稳，声线仍是周野。,异常状态 周野证词被旧案覆盖。,一张脸连续保持，无变鬼脸。,这句话来自井底灌入的旧证词，不是确认女子有罪。
04-08,4,井底的人,232,240,52,8,10,L03,许婉如半身／固定,许婉如站在楼梯顶，看见被救出的周野，缓慢收紧左腕束带。,许婉如：他回来了。回来的是谁，你们敢认吗？,木梯一声，风声回归。,集尾保留周野身份疑点。,画面用楼上与井边正反打，不强行跨场景多人同框。,主线不当场回答是否被替换；最后用镜面留疑。
05-01,5,不能剪掉的半句,240,245,0,5,5,L03,女子近景／固定,许婉如看向镜头外父亲的脚步声方向，第一次明显颤抖。,许婉如：爹，你也听见我求救了。,父亲布鞋声，油灯轻响。,记忆回溯提示声音提前进入。,不靠女鬼跳脸开集。,父亲下一镜进入，女子保持左腕束带。
05-02,5,不能剪掉的半句,245,252,5,7,10,L03,父亲半身／固定,许守义站在门内，右手握玉扳指，避开女儿的目光。,许守义：你认了，许家还能活。,衣料与木门轻响。,无 UI；让背叛台词占完整画面。,背后只留门框，减少环境变形。,父亲不是官员，不配官帽补服；村级案件为虚构设定。
05-03,5,不能剪掉的半句,252,260,12,8,10,L04,账页残片插入／固定,沈宁把烧剩的日期页与木闸碎片放在一起；木闸上旧记号与账页私闸记号吻合。,沈宁画外：他截了上游水渠，却把罪推给女儿。,证物轻碰木案。,证据关联 E05 加 E06残页；只证明改渠与时间，不单独证明全部责任。,桌面固定俯拍；标记后期统一。,没有原始签名，因此仍需独立证言。
05-04,5,不能剪掉的半句,260,268,20,8,10,L03,唐晓近景／固定,唐晓戴上耳机，手指沿音轨拖到井内声音的空白处。,唐晓：不是没录到，是被截掉了。,窄频噪声变清；以听觉恢复记忆。,V02 井中录音 复原未完句。,波形由后期制作；手指只拖动一次。,超自然记忆声早在第二集手机波形埋下，不凭空修复普通损坏文件。
05-05,5,不能剪掉的半句,268,276,28,8,10,L03,无名丫鬟背影／固定,记忆中丫鬟抱着溺水孩童跪在门边；许婉如只露米色袖扶住孩童。,完整旧录音：我见小姐近井，是去救落水的孩子。,一句证词完整放完，末尾保留呼吸。,E07 完整救人证词；照片不替代声音。,孩子仅通过包裹背影与画外声音表现，无需额外儿童正脸资产。,以袖色确认救人者，避免新增一个近景少女角色。
05-06,5,不能剪掉的半句,276,284,36,8,10,L02,周野与唐晓双人中景／轻推,唐晓把耳机递给周野，他听到完整句，取下耳机看向摄影机。,周野：刚才那句话……不是我的。,短暂静默；低音恢复。,同伴证词确认；若 Q02 删除原片，此镜仍有听证但缺少可回放原始素材。,递耳机用静止起始帧，接手处可硬切。,周野左袖湿泥与第三人称资产保持。
05-07,5,不能剪掉的半句,284,292,44,8,10,L05,沈宁过肩／慢跟,沈宁拿着残页与木闸向木案走；唐晓在她侧后方，周野与林澈跟上。,沈宁：我们把听见的，当着所有人说一遍。,脚步与群众低语；风从北侧涌入。,任务 03 公开完整证词；证据栏三格。,两人同框主镜头；后两人补背影，不生成四人复杂行走。,没有完整签名证物；结案依赖残页、木闸、证词和责任人承认共同成立。
05-08,5,不能剪掉的半句,292,300,52,8,10,L05,广场远景／固定,北门已经打开，沙墙在门外升起；里正敲案，指向许婉如。,里正：证人不说话，便照旧判。,木案一响，风声骤强。,出口可见；结局选择预告 天亮前开审。,开门与远处沙墙分层合成，下一集承接方向。,出口不是凭空奖励；审判开始时村门一直打开，诱惑放弃作证。
06-01,6,最后一个证人,300,305,0,5,5,L05,林澈手部特写／固定,林澈的旧手机停在损坏镜头界面；他转而把周野的相机放到木案前。,林澈：这次，从头到尾都留着。,开机轻响，风沙。,REC 证词记录中；对应第三集承认隐瞒。,同一碎屏手机与完好相机，不出现凭空修好的设备。,第一集冷开场所用手机现在用于回放缓存；仍不承担摄像。
06-02,6,最后一个证人,305,312,5,7,10,L05,沈宁近景／固定,沈宁面对木案，身后敞开的北门与沙墙虚焦可见。,沈宁：她救过人。你们把救人剪成了投毒。,她说话时风声降一档。,Q04 A 留下作证／B 趁开门带队逃；演示选 A。,选择后四秒；主角眼神朝木案，不看玩家镜头。,两选都有后果；留下承担延误和被沙埋的风险。
06-03,6,最后一个证人,312,320,12,8,10,L05,父亲近景／缓推,许守义看见木闸旧记号与残页，伸手挡住玉扳指，最终放下手。,许守义：闸，是我让人改的。她没有下毒。,人群低声骤停。,主线条件齐备：证物关联加独立证词加本人承认。,一句承认由两个句子分字幕，保持自然停顿。,父亲承認有证据触发；不可只靠主角吼一句就悔悟。
06-04,6,最后一个证人,320,328,20,8,10,L05,唐晓近景／固定,唐晓面对人群，将耳机握在掌中，完整说出她听到的句尾。,唐晓：她近井，是去救落水的孩子。我听见了。,原录音低声接在台词后，再停。,证词确认 E07；群众从指责声变为沉默。,一个角色说话，不和前镜重叠台词。,Q02 保留原片使证词可回放，形成完成翻案的可信链。
06-05,6,最后一个证人,328,336,28,8,10,L05,女子与束带近景／固定,许婉如看向父亲，左腕束带落下；她停顿后指向北门。,许婉如：我等的，是这句话。走。,布带落地；第一集冷开场敲击节奏停止。,审判终止；任务 逃出照水村。,非血腥处刑；解除束缚通过掉落布带特写实现。,她没有突然拥抱父亲，保留无法轻易原谅的伤。
06-06,6,最后一个证人,336,344,36,8,10,L01,第三人称沈宁过肩／短跟,沈宁穿过村门，唐晓在她前方；身后土墙落沙，林澈与周野的脚步画外追来。,沈宁：唐晓，别回头！／林澈画外：都跟上！,急促脚步，土粒落地，不做巨大爆炸。,任务逃生；一处 E 翻越倒木提示。,前景两人，后两人用独立脚部镜头；沙墙独立叠加。,主线四人生还；不在这一镜生成四人复杂跑酷。
06-07,6,最后一个证人,344,352,44,8,10,L06,车内后视镜特写／固定,清晨车内；沈宁手搭方向盘，后视镜照出唐晓、林澈与一个空的后座。,唐晓：周野，你冷不冷？／周野画外：不冷。,发动机稳定；出现井水滴声。,现代 REC 仍在；弹幕不再更新。,镜面图层合成：实际周野有座位，镜中后左为空。,空反射是疑点，不等于本季已证实替换；不解释成全员幻觉。
06-08,6,最后一个证人,352,360,52,8,10,L06,周野眼部近景接片名／固定,周野坐后左，湿泥仍在袖口，手里捏着一段灰布；他看向镜头后方。,周野：你们……看见我上来了吗？,轻微水滴后骤停；最后两秒片名 沙隐。,结局 证词已归还／四人已离村／身份待确认；演示版标识在片尾。,六秒眼神，最后两秒黑场片名，禁止旁白解释悬念。,灰布只露一角，不直接宣告来自女子束带；可扩展游戏第二章。
