镜号,集名,对白,音效,原计划时长秒,剪辑提示
01-01,风里有人,许婉如：这回，你们也要剪掉我的话？,细沙刮木声；一句近耳人声。,5,以声音先进入；倒叙碎片，在第六集兑现。
01-02,风里有人,林澈：西北最后一站。拍完，咱们吃顿好的。,发动机、车内衣料声；音乐只有轻微低音。,7,硬切回现代；四人用两张座位匹配镜头合成。
01-03,风里有人,沈宁：导航没这条路。先找地方避风。,风声压过发动机，停车熄火。,8,镜头内只表现车停下；车内对白用画外音。
01-04,风里有人,周野：这村名，我在旧地图上见过。,鞋踩沙声，远处单次木门响。,8,先跟行，再切石碑插入镜头；主镜头为一个步行动作。
01-05,风里有人,井内声音：三、二……／唐晓：谁在下面？,倒数从井内低通混响传出；音乐消失。,8,现代收音设备贴近耳朵；怪声保持画外。
01-06,风里有人,唐晓：拉我！,木板裂、金属碰石；不使用坠落尖叫长尾。,8,脚滑、反应、井口手部可拆三个短段后剪；不生成完整人体坠落。
01-07,风里有人,周野：先放下手机！,急促呼吸；低频脉冲两下。,8,选择窗口占末四秒，主画面慢下来；只播 A 主线。
01-08,风里有人,手机弹幕：又来四个证人。／林澈：抓紧，别松！,喘息与沙响；末秒一声审判木板落案。,8,救援用两人手部构图；末秒黑切到集名。
02-01,阁楼不收客,唐晓：断网了……这是谁发的？,手机静电与井水滴声。,5,承接手机落地的右侧裂纹。
02-02,阁楼不收客,老人：楼下可歇。楼上，今夜不收客。,布鞋声；楼上轻敲三下。,7,老人仅背影和声音，减少新角色资产。
02-03,阁楼不收客,沈宁：周野，你拍到了吗？,遮布摩擦；远处有人叫 证人上前。,8,现代沈宁与古装影像分开生成，再做镜面合成。
02-04,阁楼不收客,许婉如：他们说我毒了井。,楼梯吱响，油灯细响。,8,先给背影，下一镜才看清脸。
02-05,阁楼不收客,许婉如：你听过我的话，还是只听过他们的话？,语气平静；窗外风由大变小。,8,一人一个说话镜头，视线向画左沈宁。
02-06,阁楼不收客,周野：万历十四年。四百多年了。,纸页、镜头机械声。,8,台词只交代年代；具体年份在后期册页贴图。
02-07,阁楼不收客,里正画外：人已到齐，照旧开审。,脚步由远及近；三记木案敲击。,8,空场与人群两张锁机位画面硬切；不是模型一镜变出人群。
02-08,阁楼不收客,唐晓：为什么……有我们的名字？,脉冲停止；只留沙擦纸声。,8,名单就是证人姓名，不是死亡名单。
03-01,谁先说了谎,里正：你们看见她近井，是不是？,木签擦桌。,5,开集立即进入逼迫，不重复历史说明。
03-02,谁先说了谎,沈宁：走过井边，不等于投毒。,现场人群低声议论。,7,一个手部阻拦动作，避免争抢多物件。
03-03,谁先说了谎,回放林澈：有人留言，说这里晚上有女人哭。,现场回放音色保持手机窄频。,8,画面手机内容用单独录制的林澈短镜头合成。
03-04,谁先说了谎,唐晓：我们是信你，才跟你来的。,一拍沉默，远处木案又响。,8,不配愤怒长旁白，让表情承担反应。
03-05,谁先说了谎,林澈：来信是我编的。村子……我真不知道。,吞咽与风声。,8,选择在后四秒出现，表情镜头不突然换脸。
03-06,谁先说了谎,旧录音丫鬟：我见小姐近井，是去救……,磁噪；救字后音轨被截断。,8,画面遮挡与断声在剪辑完成；不生成滚动古文。
03-07,谁先说了谎,许婉如：把话说完，比放我走更难。,木闸落案；远处闷响。,8,只有推物件一个动作；证物特写独立补拍。
03-08,谁先说了谎,井内周野声音：别信我上来以后说的话。,同音色声音，回声与水滴；末秒黑。,8,井底先只给衣角，不额外生成第二张周野正脸。
04-01,井底的人,沈宁：水先坏了，她后来的。,纸声，急促脚步画外入。,5,日期和标注后期做，展示先后顺序。
04-02,井底的人,周野：拉绳！,石擦、落水画外；不展示扭曲肢体。,7,手被拉、相机晃动、井绳三个镜头剪接；无整段坠落。
04-03,井底的人,唐晓：绳在往下滑！,麻绳摩擦，呼吸。,8,两人分前后景，只生成绕柱一次动作。
04-04,井底的人,沈宁：签名还在下面……,纸燃烧声，井边呼救画外。,8,火势独立生成合成；册页文字静止后期贴。
04-05,井底的人,林澈画外：沈宁，过来帮忙！,井绳拉紧声；一拍低频。,8,选择四秒；镜头锁定，UI 后期叠。
04-06,井底的人,沈宁：周野，听我说，往上爬！,衣料湿声、喘息，井底回声停止。,8,抓井沿与地面喘息分镜合成；不要求模型连续抬出完整人体。
04-07,井底的人,周野：小人亲见……许氏投毒。,喘息突然平稳，声线仍是周野。,8,一张脸连续保持，无变鬼脸。
04-08,井底的人,许婉如：他回来了。回来的是谁，你们敢认吗？,木梯一声，风声回归。,8,画面用楼上与井边正反打，不强行跨场景多人同框。
05-01,不能剪掉的半句,许婉如：爹，你也听见我求救了。,父亲布鞋声，油灯轻响。,5,不靠女鬼跳脸开集。
05-02,不能剪掉的半句,许守义：你认了，许家还能活。,衣料与木门轻响。,7,背后只留门框，减少环境变形。
05-03,不能剪掉的半句,沈宁画外：他截了上游水渠，却把罪推给女儿。,证物轻碰木案。,8,桌面固定俯拍；标记后期统一。
05-04,不能剪掉的半句,唐晓：不是没录到，是被截掉了。,窄频噪声变清；以听觉恢复记忆。,8,波形由后期制作；手指只拖动一次。
05-05,不能剪掉的半句,完整旧录音：我见小姐近井，是去救落水的孩子。,一句证词完整放完，末尾保留呼吸。,8,孩子仅通过包裹背影与画外声音表现，无需额外儿童正脸资产。
05-06,不能剪掉的半句,周野：刚才那句话……不是我的。,短暂静默；低音恢复。,8,递耳机用静止起始帧，接手处可硬切。
05-07,不能剪掉的半句,沈宁：我们把听见的，当着所有人说一遍。,脚步与群众低语；风从北侧涌入。,8,两人同框主镜头；后两人补背影，不生成四人复杂行走。
05-08,不能剪掉的半句,里正：证人不说话，便照旧判。,木案一响，风声骤强。,8,开门与远处沙墙分层合成，下一集承接方向。
06-01,最后一个证人,林澈：这次，从头到尾都留着。,开机轻响，风沙。,5,同一碎屏手机与完好相机，不出现凭空修好的设备。
06-02,最后一个证人,沈宁：她救过人。你们把救人剪成了投毒。,她说话时风声降一档。,7,选择后四秒；主角眼神朝木案，不看玩家镜头。
06-03,最后一个证人,许守义：闸，是我让人改的。她没有下毒。,人群低声骤停。,8,一句承认由两个句子分字幕，保持自然停顿。
06-04,最后一个证人,唐晓：她近井，是去救落水的孩子。我听见了。,原录音低声接在台词后，再停。,8,一个角色说话，不和前镜重叠台词。
06-05,最后一个证人,许婉如：我等的，是这句话。走。,布带落地；第一集冷开场敲击节奏停止。,8,非血腥处刑；解除束缚通过掉落布带特写实现。
06-06,最后一个证人,沈宁：唐晓，别回头！／林澈画外：都跟上！,急促脚步，土粒落地，不做巨大爆炸。,8,前景两人，后两人用独立脚部镜头；沙墙独立叠加。
06-07,最后一个证人,唐晓：周野，你冷不冷？／周野画外：不冷。,发动机稳定；出现井水滴声。,8,镜面图层合成：实际周野有座位，镜中后左为空。
06-08,最后一个证人,周野：你们……看见我上来了吗？,轻微水滴后骤停；最后两秒片名 沙隐。,8,六秒眼神，最后两秒黑场片名，禁止旁白解释悬念。
